<?xml version="1.0" encoding="UTF-8" standalone="yes" ?><cp:coreProperties xmlns:cp="http://schemas.openxmlformats.org/package/2006/metadata/core-properties" xmlns:dc="http://purl.org/dc/elements/1.1/" xmlns:dcmitype="http://purl.org/dc/dcmitype/" xmlns:dcterms="http://purl.org/dc/terms/" xmlns:xsi="http://www.w3.org/2001/XMLSchema-instance"><cp:category>Model</cp:category><dcterms:created xsi:type="dcterms:W3CDTF">2017-11-30T17:03:07Z</dcterms:created><dc:creator>Tomas</dc:creator><dc:description></dc:description><cp:lastModifiedBy>Tomas</cp:lastModifiedBy><dcterms:modified xsi:type="dcterms:W3CDTF">2017-12-01T18:19:41Z</dcterms:modified><cp:revision>1.14</cp:revision><cp:version>R2016b</cp:version></cp:coreProperties>